{
    "iteration": 888,
    "strats_frame": {
        "AB": [
            0,
            []
        ],
        "AD": [
            19.0,
            {
                "E": 7.999999999999998,
                "ED": 11.000000000000002
            }
        ],
        "AC": [
            18.0,
            {
                "E": 18.0
            }
        ]
    }
}