{
    "iteration": 97,
    "strats_frame": {
        "AB": [
            0,
            []
        ],
        "AD": [
            27.0,
            {
                "E": 15.999999999999998,
                "ED": 11.000000000000002
            }
        ],
        "AC": [
            9.0,
            {
                "C": 9.0
            }
        ]
    }
}